year,label,children,count
2000,1950-1960,0,320
2000,1950-1960,1,580
2000,1950-1960,2,1450
2000,1950-1960,3,1120
2000,1950-1960,4,680
2000,1950-1960,5,340
2000,1950-1960,6,180
2000,1950-1960,7,90
2000,1950-1960,8,45
2000,1950-1960,9,20
2000,1950-1960,10,10
2000,1950-1960,11,5
2000,1950-1960,12,3
2010,1960-1970,0,510
2010,1960-1970,1,780
2010,1960-1970,2,1680
2010,1960-1970,3,950
2010,1960-1970,4,420
2010,1960-1970,5,190
2010,1960-1970,6,80
2010,1960-1970,7,35
2010,1960-1970,8,15
2010,1960-1970,9,8
2010,1960-1970,10,4
2010,1960-1970,11,2
2010,1960-1970,12,1
