"Model","sib_counts","n_counts","prob"
"Poisson",0,4113,0.082527388739516
"Poisson",1,10216,0.204984148641599
"Poisson",2,12792,0.256671616035957
"Poisson",3,10892,0.218548095830491
"Poisson",4,6445,0.129318993539067
"Poisson",5,3246,0.065131024519443
"Poisson",6,1358,0.0272482844415908
"Poisson",7,584,0.0117179662105221
"Poisson",8,162,0.00325053172278181
"Poisson",9,30,0.000601950319033669
"ZINB",0,3987,0.0794824767752482
"ZINB",1,7704,0.153582393046529
"ZINB",2,9609,0.191559347713409
"ZINB",3,8680,0.173039352497907
"ZINB",4,6925,0.13805270922212
"ZINB",5,4812,0.0959291894262589
"ZINB",6,3535,0.0704716717834217
"ZINB",7,2136,0.0425820342091623
"ZINB",8,1269,0.0252980343686456
"ZINB",9,680,0.0135560783062876
"ZINB",10,429,0.00855229057852558
"ZINB",11,396,0.00789442207248515
